Name,Symbol,Holding,Code
AXIATA GROUP BERHADAXIATA GROUP BERHAD,AXIA.KL,10,6888.KL
CIMB GROUP HOLDINGS BERHADCIMB GROUP HOLDINGS BERHAD,CIMB.KL,11,1023.KL
DIALOG GROUP BHDDIALOG GROUP BHD,DIAL.KL,12,7277.KL
DIGI.COM BHDDIGI.COM BHD,DSOM.KL,13,6947.KL
GENTING BHDGENTING BHD,GENT.KL,14,3182.KL
GENTING MALAYSIA BERHADGENTING MALAYSIA BERHAD,GENM.KL,15,4715.KL
HAP SENG CONSOLIDATED BHDHAP SENG CONSOLIDATED BHD,HAPS.KL,16,3034.KL
HARTALEGA HOLDINGS BHDHARTALEGA HOLDINGS BHD,HTHB.KL,17,5168.KL
HONG LEONG BANK BHDHONG LEONG BANK BHD,HLBB.KL,18,5819.KL
HONG LEONG FINANCIAL GROUP BHDHONG LEONG FINANCIAL GROUP BHD,HLCB.KL,19,1082.KL
IHH HEALTHCARE BERHADIHH HEALTHCARE BERHAD,IHHH.KL,20,5225.KL
IOI CORPORATION BHDIOI CORPORATION BHD,IOIB.KL,21,1961.KL
KUALA LUMPUR KEPONG BHDKUALA LUMPUR KEPONG BHD,KLKK.KL,22,2445.KL
MALAYAN BANKING BHDMALAYAN BANKING BHD,MBBM.KL,23,1155.KL
MAXIS BERHADMAXIS BERHAD,MXSC.KL,24,6012.KL
MISC BHD,MISC.KL,25,3816.KL
NESTLE (M) BHD,NESM.KL,26,4707.KL
PETRONAS CHEMICALS GROUP BHD,PCGB.KL,27,5183.KL
PETRONAS DAGANGAN BHD,PETR.KL,28,5681.KL
PETRONAS GAS BHD,PGAS.KL,29,6033.KL
PPB GROUP BHD,PEPT.KL,30,4065.KL
PRESS METAL ALUMINIUM HOLDINGS BERHAD,PMET.KL,31,8869.KL
PUBLIC BANK BHD,PUBM.KL,32,1295.KL
RHB BANK BERHAD,RHBC.KL,33,1066.KL
SIME DARBY BHD,SIME.KL,34,4197.KL
SIME DARBY PLANTATION BERHAD,SIPL.KL,35,5285.KL
SUPERMAX CORPORATION BHD,SUPM.KL,36,7106.KL
TELEKOM MALAYSIA BHD,TLMM.KL,37,4863.KL
TENAGA NASIONAL BHD,TENA.KL,38,5347.KL
TOP GLOVE CORPORATION BHD,TPGC.KL,39,7113.KL
AEON CREDIT SERVICE (M) BHDAEON CREDIT SERVICE (M) BHDAEON CREDIT SERVICE (M) BHDAEON CREDIT SERVICE (M) BHDAEON CREDIT SERVICE (M) BHD,ANCR.KL,40,5139.KL
AIRASIA GROUP BERHADAIRASIA GROUP BERHADAIRASIA GROUP BERHADAIRASIA GROUP BERHADAIRASIA GROUP BERHAD,AIRA.KL,41,5099.KL
ALLIANCE BANK MALAYSIA BERHADALLIANCE BANK MALAYSIA BERHADALLIANCE BANK MALAYSIA BERHADALLIANCE BANK MALAYSIA BERHADALLIANCE BANK MALAYSIA BERHAD,ALLI.KL,42,2488.KL
AMMB HOLDINGS BHDAMMB HOLDINGS BHDAMMB HOLDINGS BHDAMMB HOLDINGS BHDAMMB HOLDINGS BHD,AMMB.KL,43,1015.KL
ASTRO MALAYSIA HOLDINGS BERHADASTRO MALAYSIA HOLDINGS BERHADASTRO MALAYSIA HOLDINGS BERHADASTRO MALAYSIA HOLDINGS BERHADASTRO MALAYSIA HOLDINGS BERHAD,ASTR.KL,44,6399.KL
ATA IMS BERHADATA IMS BERHADATA IMS BERHADATA IMS BERHADATA IMS BERHAD,ATAI.KL,45,8176.KL
AXIS REITSAXIS REITSAXIS REITSAXIS REITSAXIS REITS,AXSR.KL,46,5106.KL
BERJAYA SPORTS TOTO BHDBERJAYA SPORTS TOTO BHDBERJAYA SPORTS TOTO BHDBERJAYA SPORTS TOTO BHDBERJAYA SPORTS TOTO BHD,BSTB.KL,47,1562.KL
BERMAZ AUTO BERHADBERMAZ AUTO BERHADBERMAZ AUTO BERHADBERMAZ AUTO BERHADBERMAZ AUTO BERHAD,BERA.KL,48,5248.KL
BRITISH AMERICAN TOBACCO (M)BRITISH AMERICAN TOBACCO (M)BRITISH AMERICAN TOBACCO (M)BRITISH AMERICAN TOBACCO (M)BRITISH AMERICAN TOBACCO (M),BATO.KL,49,4162.KL
BUMI ARMADA BERHADBUMI ARMADA BERHADBUMI ARMADA BERHADBUMI ARMADA BERHADBUMI ARMADA BERHAD,BUAB.KL,50,5210.KL
BURSA MALAYSIA BHDBURSA MALAYSIA BHDBURSA MALAYSIA BHDBURSA MALAYSIA BHDBURSA MALAYSIA BHD,BMYS.KL,51,1818.KL
CAHYA MATA SARAWAK BHDCAHYA MATA SARAWAK BHDCAHYA MATA SARAWAK BHDCAHYA MATA SARAWAK BHDCAHYA MATA SARAWAK BHD,CMSM.KL,52,2852.KL
CARLSBERG BREWERY MALAYSIA BHDCARLSBERG BREWERY MALAYSIA BHDCARLSBERG BREWERY MALAYSIA BHDCARLSBERG BREWERY MALAYSIA BHDCARLSBERG BREWERY MALAYSIA BHD,CBMS.KL,53,2836.KL
DATASONIC GROUP BERHADDATASONIC GROUP BERHADDATASONIC GROUP BERHADDATASONIC GROUP BERHADDATASONIC GROUP BERHAD,DSON.KL,54,5216.KL
DRB-HICOM BHDDRB-HICOM BHDDRB-HICOM BHDDRB-HICOM BHD,DRBM.KL,55,1619.KL
DUOPHARMA BIOTECH BERHADDUOPHARMA BIOTECH BERHADDUOPHARMA BIOTECH BERHADDUOPHARMA BIOTECH BERHAD,DUOP.KL,56,7148.KL
EKOVEST BHDEKOVEST BHDEKOVEST BHDEKOVEST BHD,EKOV.KL,57,8877.KL
FGV HOLDINGS BERHADFGV HOLDINGS BERHADFGV HOLDINGS BERHADFGV HOLDINGS BERHAD,FGVH.KL,58,5222.KL
FRASER & NEAVE HOLDINGS BHDFRASER & NEAVE HOLDINGS BHDFRASER & NEAVE HOLDINGS BHDFRASER & NEAVE HOLDINGS BHD,FRAS.KL,59,3689.KL
FRONTKEN CORPORATION BHDFRONTKEN CORPORATION BHDFRONTKEN CORPORATION BHDFRONTKEN CORPORATION BHD,FRKN.KL,60,128.KL
GAMUDA BHDGAMUDA BHDGAMUDA BHDGAMUDA BHD,GAMU.KL,61,5398.KL
GD EXPRESS CARRIER BHDGD EXPRESS CARRIER BHDGD EXPRESS CARRIER BHDGD EXPRESS CARRIER BHD,GDEX.KL,62,78.KL
GENTING PLANTATIONS BERHADGENTING PLANTATIONS BERHADGENTING PLANTATIONS BERHADGENTING PLANTATIONS BERHAD,GENP.KL,63,2291.KL
GUAN CHONG BHDGUAN CHONG BHDGUAN CHONG BHDGUAN CHONG BHD,GNCH.KL,64,5102.KL
HEINEKEN MALAYSIA BERHADHEINEKEN MALAYSIA BERHADHEINEKEN MALAYSIA BERHADHEINEKEN MALAYSIA BERHAD,HEIN.KL,65,3255.KL
IGB REAL ESTATE INV TRUSTIGB REAL ESTATE INV TRUSTIGB REAL ESTATE INV TRUSTIGB REAL ESTATE INV TRUST,IGRE.KL,66,5227.KL
IJM CORPORATION BHDIJM CORPORATION BHDIJM CORPORATION BHDIJM CORPORATION BHD,IJMS.KL,67,3336.KL
INARI AMERTRON BERHADINARI AMERTRON BERHADINARI AMERTRON BERHADINARI AMERTRON BERHAD,INAR.KL,68,166.KL
IOI PROPERTIES GROUP BERHADIOI PROPERTIES GROUP BERHADIOI PROPERTIES GROUP BERHADIOI PROPERTIES GROUP BERHAD,IOIP.KL,69,5249.KL
KLCC PROP&REITS-STAPLED SECKLCC PROP&REITS-STAPLED SECKLCC PROP&REITS-STAPLED SECKLCC PROP&REITS-STAPLED SEC,KLCC.KL,70,5235.KL
KOSSAN RUBBER INDUSTRIES BHDKOSSAN RUBBER INDUSTRIES BHDKOSSAN RUBBER INDUSTRIES BHD,KRIB.KL,71,7153.KL
KPJ HEALTHCARE BHDKPJ HEALTHCARE BHDKPJ HEALTHCARE BHD,KPJH.KL,72,5878.KL
LEONG HUP INTERNATIONAL BERHADLEONG HUP INTERNATIONAL BERHADLEONG HUP INTERNATIONAL BERHAD,LEOG.KL,73,6633.KL
LOTTE CHEMICAL TITAN HOLDING BERHADLOTTE CHEMICAL TITAN HOLDING BERHADLOTTE CHEMICAL TITAN HOLDING BERHAD,LOTT.KL,74,5284.KL
MAGNUM BERHADMAGNUM BERHADMAGNUM BERHAD,MAGM.KL,75,3859.KL
MALAKOFF CORPORATION BERHADMALAKOFF CORPORATION BERHADMALAKOFF CORPORATION BERHAD,MALA.KL,76,5264.KL
MALAYSIA AIRPORTS HOLDINGS BHDMALAYSIA AIRPORTS HOLDINGS BHDMALAYSIA AIRPORTS HOLDINGS BHD,MAHB.KL,77,5014.KL
MALAYSIA BUILDING SOCIETY BHDMALAYSIA BUILDING SOCIETY BHDMALAYSIA BUILDING SOCIETY BHD,MBSS.KL,78,1171.KL
MALAYSIAN PACIFIC INDUSTRIESMALAYSIAN PACIFIC INDUSTRIESMALAYSIAN PACIFIC INDUSTRIES,MPIM.KL,79,3867.KL
MALAYSIAN RESOURCES CORPORATION BERHADMALAYSIAN RESOURCES CORPORATION BERHADMALAYSIAN RESOURCES CORPORATION BERHAD,MYRS.KL,80,1651.KL
MATRIX CONCEPTS HOLDINGS BHDMATRIX CONCEPTS HOLDINGS BHDMATRIX CONCEPTS HOLDINGS BHD,MATR.KL,81,5236.KL
MEGA FIRST CORPORATION BHDMEGA FIRST CORPORATION BHDMEGA FIRST CORPORATION BHD,MEGA.KL,82,3069.KL
MI TECHNOVATION BERHADMI TECHNOVATION BERHADMI TECHNOVATION BERHAD,MITE.KL,83,5286.KL
MMC CORPORATION BHDMMC CORPORATION BHDMMC CORPORATION BHD,MMCB.KL,84,2194.KL
MR D.I.Y. GROUP (M) BERHADMR D.I.Y. GROUP (M) BERHADMR D.I.Y. GROUP (M) BERHAD,MRDI.KL,85,5296.KL
MY E.G. SERVICES BHDMY E.G. SERVICES BHDMY E.G. SERVICES BHD,MYEG.KL,86,138.KL
PADINI HOLDINGS BHDPADINI HOLDINGS BHD,PDNI.KL,87,7052.KL
PENTAMASTER CORPORATION BHDPENTAMASTER CORPORATION BHD,PMAS.KL,88,7160.KL
QL RESOURCES BHDQL RESOURCES BHD,QRES.KL,89,7084.KL
SAPURA ENERGY BERHADSAPURA ENERGY BERHAD,SAEN.KL,90,5218.KL
SCIENTEX BERHADSCIENTEX BERHAD,STIK.KL,91,4731.KL
SERBA DINAMIK HOLDINGS BERHADSERBA DINAMIK HOLDINGS BERHAD,SERB.KL,92,5279.KL
SIME DARBY PROPERTY BERHADSIME DARBY PROPERTY BERHAD,SIPR.KL,93,5288.KL
SKP RESOURCES BHDSKP RESOURCES BHD,SKPR.KL,94,7155.KL
SP SETIA BHDSP SETIA BHD,SETI.KL,95,8664.KL
SUNWAY BERHADSUNWAY BERHAD,SWAY.KL,96,5211.KL
SUNWAY REAL ESTATE INVT TRUSTSUNWAY REAL ESTATE INVT TRUST,SUNW.KL,97,5176.KL
SYARIKAT TAKAFUL MALAYSIA KELUARGA BERHADSYARIKAT TAKAFUL MALAYSIA KELUARGA BERHAD,TAKA.KL,98,6139.KL
TIME DOTCOM BHDTIME DOTCOM BHD,TCOM.KL,99,5031.KL
UEM SUNRISE BERHADUEM SUNRISE BERHAD,UMSB.KL,100,5148.KL
UNISEM (M) BHDUNISEM (M) BHD,UNSM.KL,101,5005.KL
UWC BERHADUWC BERHAD,UWCB.KL,102,5292.KL
V.S INDUSTRY BHD,VSID.KL,103,6963.KL
VITROX CORPORATION BHD,VTRX.KL,104,97.KL
WESTPORTS HOLDINGS BERHAD,WPHB.KL,105,5246.KL
YINSON HOLDINGS BHD,YINS.KL,106,7293.KL
YTL CORPORATION BHD,YLTS.KL,107,4677.KL
YTL HOSPITALITY REIT,YLTR.KL,108,5109.KL
YTL POWER INTERNATIONAL BHD,YTLP.KL,109,6742.KL
